Setting,Value
Modbus Dev Addr,20
Specific Code,170
Board Serial 1,0
Board Serial 2,0
Project Num,2
Maximum Number Of Ports,3
Port Read Timer,1000
Analog Mux Enable Timer,100
Slave Addr 0,21
Slave Addr 1,22
Slave Addr 2,23
Slave Addr 3,0
Slave Addr 4,0
Slave Addr 5,0
Slave Addr 6,0
Slave Addr 7,0
Slave Port 0,1
Slave Port 1,1
Slave Port 2,1
Slave Port 3,1
Slave Port 4,1
Slave Port 5,1
Slave Port 6,1
Slave Port 7,1
Slave Max Num Of Ports 0,16
Slave Max Num Of Ports 1,16
Slave Max Num Of Ports 2,16
Slave Max Num Of Ports 3,16
Slave Max Num Of Ports 4,16
Slave Max Num Of Ports 5,16
Slave Max Num Of Ports 6,16
Slave Max Num Of Ports 7,16
